Temperature,Humidity,Light,CO2,HumidityRatio,Occupancy
23.18,27.272,426,721.25,0.004792988,present
23.15,27.2675,429.5,714,0.004783441,present
23.15,27.245,426,713.5,0.004779464,present
23.15,27.2,426,708.25,0.004771509,present
23.1,27.2,426,704.5,0.004756993,present
23.1,27.2,419,701,0.004756993,present
23.1,27.2,419,701.6666667,0.004756993,present
23.1,27.2,419,699,0.004756993,present
23.1,27.2,419,689.3333333,0.004756993,present
23.075,27.175,419,688,0.004745351,present
23.075,27.15,419,690.25,0.004740952,present
23.1,27.1,419,691,0.004739371,present
23.1,27.16666667,419,683.5,0.004751119,present
23.05,27.15,419,687.5,0.004733732,present
23,27.125,419,686,0.004714942,present
23,27.125,418.5,680.5,0.004714942,present
23,27.2,0,681.5,0.004728078,absent
22.945,27.29,0,685,0.004727951,absent
22.945,27.39,0,685,0.004745408,absent
22.89,27.39,0,689,0.004729506,absent
22.89,27.39,0,689.5,0.004729506,absent
22.89,27.39,0,689,0.004729506,absent
22.89,27.445,0,691,0.004739076,absent
22.89,27.5,0,688,0.004748645,absent
22.89,27.5,0,689.5,0.004748645,absent
22.79,27.445,0,689,0.004710224,absent
22.79,27.5,0,685.6666667,0.004719735,absent
22.79,27.5,0,687,0.004719735,absent
22.79,27.5,0,688,0.004719735,absent
22.745,27.5,0,670,0.004706776,absent
22.7,27.46333333,0,668.6666667,0.004687543,absent
22.7,27.5,0,670,0.004693849,absent
22.7,27.5,0,667,0.004693849,absent
22.66666667,27.42666667,0,664.5,0.004671708,absent
22.7,27.6,0,670,0.004711047,absent
22.6,27.42666667,0,670.3333333,0.004652699,absent
22.6,27.39,0,672,0.004646433,absent
22.6,27.35666667,0,658,0.004640736,absent
22.6,27.445,0,660.5,0.004655833,absent
22.6,27.42666667,0,658,0.004652699,absent
22.6,27.445,0,655,0.004655833,absent
22.6,27.445,0,654.25,0.004655833,absent
22.6,27.39,0,648,0.004646433,absent
22.5,27.32333333,0,648.6666667,0.004606763,absent
22.5,27.445,0,646,0.004627429,absent
22.5,27.5,0,646,0.004636772,absent
22.5,27.445,0,641.5,0.004627429,absent
22.39,27.29,0,639,0.004570212,absent
22.5,27.5,0,640,0.004636772,absent
22.39,27.34,0,630.5,0.004578647,absent
22.39,27.35666667,0,629.3333333,0.004581459,absent
22.39,27.5,0,632,0.004605641,absent
22.39,27.5,0,636.5,0.004605641,absent
22.39,27.5,0,627.5,0.004605641,absent
22.39,27.39,0,626,0.004587082,absent
22.39,27.5,0,625.5,0.004605641,absent
22.34,27.39,0,623.5,0.00457305,absent
22.39,27.46333333,0,624.6666667,0.004599455,absent
22.39,27.39,0,622,0.004587082,absent
22.29,27.39,0,621,0.004559056,absent
22.34,27.39,0,626.5,0.00457305,absent
22.29,27.39,0,622,0.004559056,absent
22.39,27.39,0,620,0.004587082,absent
22.29,27.39,0,621.5,0.004559056,absent
22.29,27.35666667,0,616.3333333,0.004553467,absent
22.29,27.34,0,609,0.004550673,absent
22.29,27.39,0,614,0.004559056,absent
22.29,27.34,0,613.5,0.004550673,absent
22.29,27.34,0,611,0.004550673,absent
22.29,27.39,0,612,0.004559056,absent
22.29,27.29,0,608,0.00454229,absent
22.29,27.29,0,605.5,0.00454229,absent
22.2675,27.315,0,608.5,0.004540214,absent
22.2,27.29,0,608.5,0.004517288,absent
22.245,27.29,0,602.5,0.004529774,absent
22.2,27.29,0,598,0.004517288,absent
22.2,27.29,0,595,0.004517288,absent
22.2,27.29,0,591,0.004517288,absent
22.245,27.245,0,591,0.00452225,absent
22.2,27.2,0,595,0.004502283,absent
22.2,27.29,0,594.3333333,0.004517288,absent
22.2,27.29,0,593.5,0.004517288,absent
22.2,27.29,0,592,0.004517288,absent
22.15,27.245,0,586.5,0.004495971,absent
22.2,27.2,0,586,0.004502283,absent
22.15,27.245,0,586,0.004495971,absent
22.2,27.245,0,584.5,0.004509785,absent
22.1,27.245,0,584.5,0.004482195,absent
22.1,27.2,0,585.5,0.004474738,absent
22.13333333,27.2,0,584.6666667,0.004483903,absent
22.2,27.2,0,577,0.004502283,absent
22.1,27.2,0,580,0.004474738,absent
22.125,27.2,0,582,0.00448161,absent
22.2,27.2,0,580,0.004502283,absent
22.1,27.15,0,578,0.004466454,absent
22.1,27.2,0,576.5,0.004474738,absent
22.1,27.2,0,580,0.004474738,absent
22.1,27.2,0,572.5,0.004474738,absent
22.1,27.2,0,567,0.004474738,absent
22.1,27.2,0,568,0.004474738,absent
22.1,27.2,0,574.5,0.004474738,absent
22.1,27.2,0,564.3333333,0.004474738,absent
22.1,27.2,0,563,0.004474738,absent
22.1,27.15,0,564.5,0.004466454,absent
22.06666667,27.16666667,0,566.3333333,0.004460078,absent
22.1,27.1,0,562,0.004458169,absent
22,27.1,0,565.5,0.004430876,absent
22,27.1,0,570,0.004430876,absent
22.05,27.15,0,562,0.004452763,absent
22,27.1,0,560,0.004430876,absent
22,27.1,0,558,0.004430876,absent
22,27.1,0,556,0.004430876,absent
22,27.1,0,557,0.004430876,absent
21.9175,27.1,0,556.5,0.004408469,absent
21.945,27.1,0,557.5,0.004415927,absent
21.92666667,27.1,0,555,0.004410954,absent
21.89,27.1,0,555,0.004401023,absent
21.89,27.1,0,553,0.004401023,absent
21.89,27.1,0,549.5,0.004401023,absent
21.89,27.1,0,548.5,0.004401023,absent
21.89,27.1,0,551.5,0.004401023,absent
21.89,27.1,0,548.5,0.004401023,absent
21.89,27.1,0,548,0.004401023,absent
21.89,27.1,0,547.5,0.004401023,absent
21.89,27.1,0,553,0.004401023,absent
21.84,27.1,0,547.5,0.004387512,absent
21.85666667,27.1,0,548.6666667,0.004392012,absent
21.79,27.1,0,540,0.004374038,absent
21.79,27.1,0,538,0.004374038,absent
21.79,27.1,0,542,0.004374038,absent
21.79,27.1,0,542,0.004374038,absent
21.79,27.1,0,538,0.004374038,absent
21.79,27.1,0,537.6666667,0.004374038,absent
21.79,27.1,0,537.5,0.004374038,absent
21.79,27.1,0,536,0.004374038,absent
21.745,27.1,0,534.5,0.004361943,absent
21.7,27.1,0,532.5,0.004349877,absent
21.76,27.1,0,530,0.004365971,absent
21.745,27.05,0,529.5,0.004353839,absent
21.79,27.05,0,531,0.004365912,absent
21.73,27,0,533.3333333,0.004341725,absent
21.745,27,0,531,0.004345735,absent
21.745,27,0,529,0.004345735,absent
21.745,27,0,528.5,0.004345735,absent
21.7,27,0,525,0.004333714,absent
21.7,27,0,528.5,0.004333714,absent
21.7,27,0,530.5,0.004333714,absent
21.7,26.89,0,528,0.004315936,absent
21.7,26.89,0,526,0.004315936,absent
21.7,26.89,0,530,0.004315936,absent
21.7,26.89,0,533.3333333,0.004315936,absent
21.7,26.89,0,529,0.004315936,absent
21.7,26.89,0,528,0.004315936,absent
21.7,26.89,0,526,0.004315936,absent
21.7,26.89,0,526,0.004315936,absent
21.7,26.79,0,521,0.004299774,absent
21.7,26.79,0,518,0.004299774,absent
21.7,26.79,0,515.5,0.004299774,absent
21.7,26.79,0,520,0.004299774,absent
21.7,26.7675,0,523.5,0.004296138,absent
21.7,26.79,0,525.5,0.004299774,absent
21.7,26.79,0,525.5,0.004299774,absent
21.7,26.79,0,514,0.004299774,absent
21.7,26.7,0,518,0.00428523,absent
21.7,26.7,0,518,0.00428523,absent
21.7,26.7,0,520,0.00428523,absent
21.6,26.7,0,521,0.004258922,absent
21.6,26.6,0,518,0.004242862,absent
21.6,26.65,0,517,0.004250892,absent
21.6,26.6,0,511.5,0.004242862,absent
21.65,26.65,0,514,0.004264003,absent
21.6,26.55,0,515.5,0.004234832,absent
21.6,26.5,0,517,0.004226803,absent
21.6,26.5,0,515,0.004226803,absent
21.6,26.5,0,512,0.004226803,absent
21.6,26.5,0,515,0.004226803,absent
21.65,26.55,0,511,0.004247894,absent
21.6,26.5,0,514,0.004226803,absent
21.6,26.445,0,508,0.004217971,absent
21.6,26.4725,0,509.75,0.004222387,absent
21.6,26.445,0,508.75,0.004217971,absent
21.6,26.445,0,508.5,0.004217971,absent
21.6,26.39,0,507,0.004209139,absent
21.6,26.39,0,507,0.004209139,absent
21.6,26.39,0,503.5,0.004209139,absent
21.6,26.39,0,504,0.004209139,absent
21.6,26.39,0,504,0.004209139,absent
21.575,26.315,0,500.5,0.004190637,absent
21.6,26.29,0,500,0.004193082,absent
21.6,26.29,0,503.5,0.004193082,absent
21.55,26.245,0,503,0.004172982,absent
21.55,26.245,0,502.5,0.004172982,absent
21.5,26.2,0,502,0.004152962,absent
21.56666667,26.2,0,502,0.004170059,absent
21.5,26.2,0,502.5,0.004152962,absent
21.5,26.2,0,497,0.004152962,absent
21.5,26.15,0,501.5,0.004144984,absent
21.5,26.15,0,504,0.004144984,absent
21.5,26.1,0,501,0.004137006,absent
21.5,26.1,0,493.75,0.004137006,absent
21.5,26.1,0,500,0.004137006,absent
21.5,26.1,0,504.5,0.004137006,absent
21.5,26.05,0,504,0.004129028,absent
21.5,26.1,0,501,0.004137006,absent
21.5,26,0,499,0.00412105,absent
21.5,26,0,502,0.00412105,absent
21.5,26,0,503.5,0.00412105,absent
21.5,26,0,500.6666667,0.00412105,absent
21.5,26,0,493,0.00412105,absent
21.5,26,0,492.5,0.00412105,absent
21.5,26,0,493,0.00412105,absent
21.5,25.89,0,495.5,0.0041035,absent
21.5,26,0,492.6666667,0.00412105,absent
21.5,26,0,490,0.00412105,absent
21.5,25.92666667,0,493,0.00410935,absent
21.5,25.89,0,494.6666667,0.0041035,absent
21.5,25.89,0,496,0.0041035,absent
21.5,25.89,0,491,0.0041035,absent
21.5,25.84,0,490.5,0.004095523,absent
21.5,25.84,0,490,0.004095523,absent
21.5,25.89,0,491,0.0041035,absent
21.5,25.89,0,491.6666667,0.0041035,absent
21.5,25.89,0,493.5,0.0041035,absent
21.4725,25.865,0,493.75,0.004092568,absent
21.5,25.84,0,490,0.004095523,absent
21.5,25.79,0,488,0.004087546,absent
21.5,25.79,0,490,0.004087546,absent
21.5,25.79,0,487,0.004087546,absent
21.445,25.745,0,492.5,0.004066556,absent
21.445,25.745,0,493.5,0.004066556,absent
21.46333333,25.76,0,493.3333333,0.004073542,absent
21.445,25.745,0,488,0.004066556,absent
21.5,25.79,0,487.5,0.004087546,absent
21.42666667,25.73,0,485.3333333,0.004059579,absent
21.39,25.7,0,484,0.004045656,absent
21.39,25.7,0,489,0.004045656,absent
21.445,25.745,0,488,0.004066556,absent
21.5,25.79,0,493,0.004087546,absent
21.39,25.7,0,491,0.004045656,absent
21.445,25.745,0,488,0.004066556,absent
21.445,25.745,0,487.25,0.004066556,absent
21.39,25.7,0,489,0.004045656,absent
21.5,25.79,0,489,0.004087546,absent
21.39,25.7,0,486,0.004045656,absent
21.42666667,25.73,0,484.6666667,0.004059579,absent
21.39,25.7,0,485,0.004045656,absent
21.39,25.7,0,487,0.004045656,absent
21.39,25.7,0,492,0.004045656,absent
21.39,25.7,0,490.6666667,0.004045656,absent
21.39,25.7,0,488,0.004045656,absent
21.39,25.7,0,485.5,0.004045656,absent
21.39,25.7,0,486,0.004045656,absent
21.39,25.7,0,485.5,0.004045656,absent
21.39,25.7,0,486,0.004045656,absent
21.39,25.7,0,480,0.004045656,absent
21.39,25.7,0,481,0.004045656,absent
21.39,25.7,0,481.6666667,0.004045656,absent
21.39,25.7,0,485.5,0.004045656,absent
21.39,25.7,0,485,0.004045656,absent
21.39,25.7,0,473,0.004045656,absent
21.39,25.7,0,475,0.004045656,absent
21.39,25.7,0,486,0.004045656,absent
21.39,25.7,0,481.5,0.004045656,absent
21.39,25.7,0,483,0.004045656,absent
21.39,25.7,0,479,0.004045656,absent
21.39,25.7,0,479,0.004045656,absent
21.39,25.7,0,479,0.004045656,absent
21.34,25.7,0,479,0.004033195,absent
21.39,25.7,0,479,0.004045656,absent
21.39,25.7,0,477,0.004045656,absent
21.39,25.7,0,477.5,0.004045656,absent
21.29,25.7,0,477.5,0.004020769,absent
21.34,25.7,0,480,0.004033195,absent
21.29,25.7,0,480,0.004020769,absent
21.34,25.7,0,482,0.004033195,absent
21.32333333,25.7,0,480.3333333,0.004029049,absent
21.34,25.7,0,477.5,0.004033195,absent
21.29,25.7,0,476,0.004020769,absent
21.39,25.7,0,479,0.004045656,absent
21.39,25.7,0,471,0.004045656,absent
21.29,25.7,0,474,0.004020769,absent
21.29,25.7,0,477.5,0.004020769,absent
21.34,25.7,0,476,0.004033195,absent
21.29,25.7,0,474.25,0.004020769,absent
21.39,25.7,0,475,0.004045656,absent
21.29,25.7,0,476.5,0.004020769,absent
21.34,25.7,0,474.5,0.004033195,absent
21.29,25.7,0,478,0.004020769,absent
21.29,25.7,0,475.3333333,0.004020769,absent
21.29,25.7,0,477,0.004020769,absent
21.29,25.7,0,475.5,0.004020769,absent
21.29,25.7,0,477.5,0.004020769,absent
21.29,25.7,0,477.5,0.004020769,absent
21.29,25.7,0,478,0.004020769,absent
21.29,25.7,0,473.5,0.004020769,absent
21.29,25.7,0,472.5,0.004020769,absent
21.29,25.7,0,472,0.004020769,absent
21.29,25.7,0,469.5,0.004020769,absent
21.29,25.7,0,466.6666667,0.004020769,absent
21.29,25.7,0,467,0.004020769,absent
21.29,25.7,0,469.5,0.004020769,absent
21.2,25.6,0,469,0.003982828,absent
21.29,25.7,0,471,0.004020769,absent
21.29,25.7,0,469,0.004020769,absent
21.26,25.66666667,0,467.3333333,0.00400809,absent
21.245,25.65,0,471.5,0.004001763,absent
21.23,25.63333333,0,471.6666667,0.003995443,absent
21.29,25.7,0,475,0.004020769,absent
21.2,25.6,0,471,0.003982828,absent
21.2,25.6,0,471,0.003982828,absent
21.245,25.65,0,471,0.004001763,absent
21.245,25.65,0,474.5,0.004001763,absent
21.2,25.6,0,475.5,0.003982828,absent
21.2,25.6,0,474,0.003982828,absent
21.2,25.6,0,469,0.003982828,absent
21.2,25.6,0,474,0.003982828,absent
21.2,25.6,0,474,0.003982828,absent
21.2,25.6,0,468.5,0.003982828,absent
21.2,25.6,0,469.5,0.003982828,absent
21.2,25.6,0,472.5,0.003982828,absent
21.2,25.6,0,467.5,0.003982828,absent
21.2,25.6,0,469,0.003982828,absent
21.2,25.55,0,466.5,0.003974999,absent
21.2,25.5,0,469.5,0.003967171,absent
21.2,25.5,0,469,0.003967171,absent
21.2,25.5,0,467,0.003967171,absent
21.2,25.5,0,467.3333333,0.003967171,absent
21.2,25.5,0,467,0.003967171,absent
21.2,25.5,0,464.5,0.003967171,absent
21.2,25.445,0,466,0.00395856,absent
21.2,25.5,0,473,0.003967171,absent
21.2,25.39,0,475,0.003949949,absent
21.2,25.39,0,471,0.003949949,absent
21.2,25.39,0,470,0.003949949,absent
21.2,25.39,0,466.25,0.003949949,absent
21.2,25.39,0,467,0.003949949,absent
21.2,25.39,0,473,0.003949949,absent
21.2,25.39,0,468,0.003949949,absent
21.2,25.39,0,463,0.003949949,absent
21.2,25.39,0,466,0.003949949,absent
21.2,25.39,0,467,0.003949949,absent
21.2,25.29,0,468,0.003934293,absent
21.2,25.39,0,468,0.003949949,absent
21.2,25.29,0,468,0.003934293,absent
21.2,25.34,0,465.5,0.003942121,absent
21.2,25.39,0,464,0.003949949,absent
21.2,25.34,0,464.5,0.003942121,absent
21.2,25.29,0,465.6666667,0.003934293,absent
21.2,25.365,0,465.75,0.003946035,absent
21.2,25.39,0,464,0.003949949,absent
21.2,25.39,0,467,0.003949949,absent
21.15,25.39,0,466.5,0.003937767,absent
21.2,25.39,0,465,0.003949949,absent
21.2,25.39,0,462,0.003949949,absent
21.2,25.39,0,459.6666667,0.003949949,absent
21.2,25.29,0,458,0.003934293,absent
21.2,25.34,0,462.5,0.003942121,absent
21.2,25.29,0,467,0.003934293,absent
21.2,25.29,0,466.5,0.003934293,absent
21.2,25.29,0,463,0.003934293,absent
21.2,25.29,0,465,0.003934293,absent
21.2,25.29,0,463.25,0.003934293,absent
21.2,25.29,0,460,0.003934293,absent
21.2,25.29,0,457,0.003934293,absent
21.2,25.29,0,456,0.003934293,absent
21.245,25.245,0,454,0.003938177,absent
21.23,25.23,0,454,0.003932179,absent
21.29,25.29,0,458,0.003956216,absent
21.2,25.2,0,456,0.003920204,absent
21.245,25.245,0,456.5,0.003938177,absent
21.245,25.245,0,458.5,0.003938177,absent
21.26,25.26,0,459.6666667,0.003944183,absent
21.245,25.245,0,464,0.003938177,absent
21.245,25.2,0,465,0.003931113,absent
21.29,25.2,0,461,0.003942048,absent
21.245,25.2,0,458.5,0.003931113,absent
21.29,25.2,0,459,0.003942048,absent
21.29,25.2,0,451,0.003942048,absent
21.29,25.2,0,456,0.003942048,absent
21.29,25.2,0,463,0.003942048,absent
21.29,25.2,0,461.6666667,0.003942048,absent
21.29,25.2,0,458,0.003942048,absent
21.29,25.2,0,450,0.003942048,absent
21.29,25.2,0,457,0.003942048,absent
21.29,25.2,0,456,0.003942048,absent
21.29,25.2,0,456,0.003942048,absent
21.29,25.2,0,461,0.003942048,absent
21.29,25.2,0,463,0.003942048,absent
21.29,25.2,0,460,0.003942048,absent
21.29,25.2,0,456,0.003942048,absent
21.29,25.2,0,454.5,0.003942048,absent
21.29,25.2,0,448.5,0.003942048,absent
21.29,25.2,0,453.5,0.003942048,absent
21.29,25.2,0,454,0.003942048,absent
21.29,25.2,0,454,0.003942048,absent
21.29,25.245,0,450.5,0.003949132,absent
21.29,25.245,0,453,0.003949132,absent
21.2,25.2,0,457,0.003920204,absent
21.2,25.2,0,452.5,0.003920204,absent
21.2,25.2,0,449,0.003920204,absent
21.2,25.2,0,458.6666667,0.003920204,absent
21.2,25.2,0,454.5,0.003920204,absent
21.2,25.245,0,455.5,0.003927249,absent
21.2,25.245,0,453.5,0.003927249,absent
21.2,25.29,0,452,0.003934293,absent
21.2,25.29,0,451.5,0.003934293,absent
21.2,25.29,0,451,0.003934293,absent
21.16666667,25.35666667,0,450.3333333,0.003936616,absent
21.16666667,25.39,0,450,0.003941824,absent
21.15,25.39,0,453.5,0.003937767,absent
21.1,25.39,0,454,0.003925619,absent
21.15,25.39,0,452.5,0.003937767,absent
21.1,25.39,0,454,0.003925619,absent
21.1,25.39,0,457,0.003925619,absent
21.1,25.46333333,0,450.3333333,0.003937029,absent
21.1,25.5,0,451,0.003942734,absent
21.1,25.5,0,451,0.003942734,absent
21.05,25.445,0,449,0.003922035,absent
21.1,25.5,0,449,0.003942734,absent
21.05,25.445,0,450,0.003922035,absent
21.05,25.445,0,449,0.003922035,absent
21.1,25.5,0,445,0.003942734,absent
21,25.39,0,443,0.003901421,absent
21.1,25.5,0,446.5,0.003942734,absent
21.1,25.5,0,446,0.003942734,absent
21.1,25.5,0,451.5,0.003942734,absent
21.1,25.39,0,445,0.003925619,absent
21.1,25.39,0,449,0.003925619,absent
21.1,25.39,0,451.6666667,0.003925619,absent
21.1,25.39,0,452,0.003925619,absent
21.1,25.39,0,451,0.003925619,absent
21.05,25.34,0,450,0.003905749,absent
21.1,25.39,0,450,0.003925619,absent
21.1,25.39,0,448,0.003925619,absent
21.1,25.39,0,450.6666667,0.003925619,absent
21.1,25.39,0,450,0.003925619,absent
21.15,25.39,0,446,0.003937767,absent
21.1,25.39,0,444,0.003925619,absent
21.125,25.39,0,447.5,0.003931689,absent
21.13333333,25.39,0,443.3333333,0.003933714,absent
21.1,25.34,0,443.5,0.00391784,absent
21.1,25.34,0,444,0.00391784,absent
21.15,25.34,0,449,0.003929964,absent
21.2,25.29,0,449.3333333,0.003934293,absent
21.15,25.29,0,448,0.003922161,absent
21.15,25.245,0,449.5,0.003915138,absent
21.2,25.245,0,450,0.003927249,absent
21.2,25.2,0,447,0.003920204,absent
21.2,25.2,0,446,0.003920204,absent
21.13333333,25.2,0,443,0.003904093,absent
21.16666667,25.2,0,444,0.003912141,absent
21.2,25.2,0,444.5,0.003920204,absent
21.2,25.2,0,445,0.003920204,absent
21.2,25.2,0,451,0.003920204,absent
21.2,25.2,0,450,0.003920204,absent
21.2,25.2,0,444,0.003920204,absent
21.2,25.2,0,443,0.003920204,absent
21.2,25.1,0,438.5,0.00390455,absent
21.2,25.1,0,441,0.00390455,absent
21.2,25.1,0,444,0.00390455,absent
21.2,25.15,0,441.5,0.003912377,absent
21.2,25.1,0,441,0.00390455,absent
21.2,25.1,0,439.5,0.00390455,absent
21.2,25.1,0,441,0.00390455,absent
21.2,25.1,0,442,0.00390455,absent
21.2,25.1,0,441,0.00390455,absent
21.2,25.1,0,436,0.00390455,absent
21.2,25.1,0,442.5,0.00390455,absent
21.2,25.1,0,446,0.00390455,absent
21.2,25.1,0,443,0.00390455,absent
21.2,25.1,0,437.5,0.00390455,absent
21.2,25.1,0,440.5,0.00390455,absent
21.2,25.05,0,439.5,0.003896723,absent
21.2,25,0,443,0.003888897,absent
21.2,25,0,443,0.003888897,absent
21.2,25,0,438.5,0.003888897,absent
21.2,25,0,438,0.003888897,absent
21.2,25,0,442.3333333,0.003888897,absent
21.2,25,0,448,0.003888897,absent
21.2,25.1,0,447.5,0.00390455,absent
21.125,25.1,0,445.75,0.003886501,absent
21.1,25,0,439,0.003864945,absent
21.1,25.1,0,440,0.003880502,absent
21.1,25.1,0,441.5,0.003880502,absent
21.1,25.06666667,0,439,0.003875316,absent
21.1,25,0,439,0.003864945,absent
21.1,25.1,0,437.5,0.003880502,absent
21.05,25.05,0,437.5,0.003860772,absent
21.1,25.1,0,439.3333333,0.003880502,absent
21.1,25.1,0,443,0.003880502,absent
21,25,0,440.5,0.003841124,absent
21,25,0,442.3333333,0.003841124,absent
21,25,0,440.6666667,0.003841124,absent
21,25,0,440,0.003841124,absent
21,25,0,439,0.003841124,absent
21,25,0,442,0.003841124,absent
21,25,0,443.5,0.003841124,absent
21,25,0,445,0.003841124,absent
21,25,0,445,0.003841124,absent
21,25.05,0,442.5,0.003848854,absent
21,25.1,0,440,0.003856584,absent
21,25,0,439.5,0.003841124,absent
21,25,0,438.5,0.003841124,absent
21,25,0,435,0.003841124,absent
21,25,0,439.5,0.003841124,absent
21,25,0,440.5,0.003841124,absent
21,25,0,439.5,0.003841124,absent
21,25,0,441,0.003841124,absent
21,25,0,442,0.003841124,absent
21,25,0,445,0.003841124,absent
21,25,0,444,0.003841124,absent
21,25,0,445,0.003841124,absent
21,24.89,0,444,0.003824119,absent
21,24.89,0,443,0.003824119,absent
21,24.89,0,448,0.003824119,absent
21.05,24.945,0,443,0.003844489,absent
21.05,24.945,0,440,0.003844489,absent
21,24.89,0,440,0.003824119,absent
21.03333333,24.92666667,0,441,0.00383769,absent
21.05,24.945,0,440.5,0.003844489,absent
21.05,24.945,0,444.5,0.003844489,absent
21.1,25,0,446,0.003864945,absent
21.05,24.945,0,442.5,0.003844489,absent
21,24.89,0,439,0.003824119,absent
21.1,24.89,0,441,0.003847834,absent
21.1,24.89,0,438.3333333,0.003847834,absent
21.03333333,24.89,0,439.5,0.00383201,absent
21.075,24.9725,0,440.75,0.003854707,absent
21.03333333,24.92666667,0,437,0.00383769,absent
21.1,24.945,0,440.5,0.00385639,absent
21.1,24.9175,0,442.25,0.003852112,absent
21.1,24.89,0,435,0.003847834,absent
21.1,24.89,0,435.5,0.003847834,absent
21.1,24.89,0,432,0.003847834,absent
21.1,24.89,0,439.5,0.003847834,absent
21.05,24.84,0,442.5,0.003828207,absent
21.1,24.89,0,438.5,0.003847834,absent
21.05,24.84,0,435.5,0.003828207,absent
21.06666667,24.85666667,0,437.3333333,0.003834741,absent
21.1,24.89,0,437,0.003847834,absent
21.03333333,24.82333333,0,438,0.003821683,absent
21.025,24.84,0,435,0.003822295,absent
21,24.79,0,440,0.003808661,absent
21,24.82333333,0,441.3333333,0.003813814,absent
21,24.85666667,0,435,0.003818966,absent
21,24.89,0,432,0.003824119,absent
21,24.89,0,435.5,0.003824119,absent
21,24.89,0,444,0.003824119,absent
21,24.84,0,444.5,0.00381639,absent
21,24.89,0,446,0.003824119,absent
21,24.89,0,445,0.003824119,absent
21,24.89,0,438.3333333,0.003824119,absent
21,24.89,0,445.5,0.003824119,absent
21,24.89,0,439,0.003824119,absent
21,24.89,0,439,0.003824119,absent
20.945,24.89,0,439.5,0.003811131,absent
20.96333333,24.89,0,443.3333333,0.003815456,absent
20.89,24.89,0,443.5,0.003798181,absent
20.92666667,24.89,0,444,0.00380681,absent
21,24.89,0,447.5,0.003824119,absent
20.89,24.89,0,445.5,0.003798181,absent
20.89,24.89,0,443,0.003798181,absent
20.89,24.89,0,438,0.003798181,absent
20.89,24.89,0,428,0.003798181,absent
20.89,24.89,0,431,0.003798181,absent
20.89,24.89,0,441,0.003798181,absent
20.89,24.89,0,446,0.003798181,absent
20.89,24.89,0,447,0.003798181,absent
20.89,24.89,0,439,0.003798181,absent
20.89,24.89,0,438.3333333,0.003798181,absent
20.89,24.89,0,442,0.003798181,absent
20.92666667,24.79,0,443.3333333,0.003791422,absent
20.89,24.79,0,448,0.003782829,absent
20.89,24.79,0,444.5,0.003782829,absent
20.92666667,24.79,0,443.3333333,0.003791422,absent
20.945,24.79,0,445,0.003795725,absent
21,24.7,0,445,0.003794749,absent
21,24.7,0,443.5,0.003794749,absent
21,24.7,0,439,0.003794749,absent
21,24.7,0,441.5,0.003794749,absent
21,24.63333333,0,441.3333333,0.003784445,absent
21,24.6,0,441,0.003779293,absent
21,24.6,0,441,0.003779293,absent
21,24.6,0,440,0.003779293,absent
21,24.6,0,436,0.003779293,absent
21,24.6,0,444,0.003779293,absent
21,24.6,0,442,0.003779293,absent
21,24.6,0,443.6666667,0.003779293,absent
21,24.6,0,439.5,0.003779293,absent
21,24.56666667,0,439.3333333,0.003774141,absent
21,24.55,0,443.5,0.003771565,absent
21,24.5,0,445,0.003763837,absent
21,24.5,0,441.5,0.003763837,absent
21,24.5,0,445,0.003763837,absent
21,24.5,0,444.5,0.003763837,absent
21,24.5,0,443.6666667,0.003763837,absent
21,24.5,0,445.5,0.003763837,absent
21,24.445,0,445,0.003755336,absent
21,24.445,0,443.5,0.003755336,absent
21,24.39,0,447,0.003746836,absent
21,24.39,0,444,0.003746836,absent
21,24.5,0,442.5,0.003763837,absent
21,24.42666667,0,445,0.003752503,absent
21,24.5,0,444,0.003763837,absent
21,24.39,0,440,0.003746836,absent
21,24.39,0,445.5,0.003746836,absent
21,24.39,0,444.5,0.003746836,absent
21,24.39,0,442.5,0.003746836,absent
21,24.39,0,444,0.003746836,absent
21,24.39,0,442,0.003746836,absent
21,24.35666667,0,442.6666667,0.003741684,absent
21,24.29,0,439,0.003731382,absent
20.89,24.39,0,440,0.003721425,absent
20.945,24.39,0,440,0.003734112,absent
21,24.39,0,444,0.003746836,absent
20.89,24.39,0,439.5,0.003721425,absent
20.89,24.39,0,440,0.003721425,absent
20.89,24.39,0,440,0.003721425,absent
20.89,24.29,0,442,0.003706077,absent
20.89,24.34,0,445,0.003713751,absent
20.85666667,24.35666667,0,447,0.00370865,absent
20.89,24.39,0,446,0.003721425,absent
20.89,24.34,0,445,0.003713751,absent
20.89,24.39,0,445,0.003721425,absent
20.89,24.29,0,443,0.003706077,absent
20.89,24.29,0,442,0.003706077,absent
20.84,24.245,0,444,0.003687739,absent
20.89,24.39,0,443.5,0.003721425,absent
20.89,24.29,0,441,0.003706077,absent
20.85666667,24.26,0,441,0.003693843,absent
20.89,24.29,0,444,0.003706077,absent
20.89,24.29,0,445.5,0.003706077,absent
20.89,24.29,0,441,0.003706077,absent
20.89,24.29,0,445.3333333,0.003706077,absent
20.89,24.2,0,442,0.003692263,absent
20.89,24.29,0,442,0.003706077,absent
20.89,24.2,0,446.5,0.003692263,absent
20.85666667,24.16666667,0,444.3333333,0.003679548,absent
20.89,24.2,0,445.5,0.003692263,absent
20.89,24.2,0,441.5,0.003692263,absent
20.865,24.175,0,447.25,0.003682724,absent
20.89,24.2,0,448,0.003692263,absent
20.89,24.175,0,447.25,0.003688426,absent
20.89,24.2,0,439,0.003692263,absent
20.89,24.15,0,440,0.003684589,absent
20.89,24.2,0,440,0.003692263,absent
20.89,24.1,0,445,0.003676916,absent
20.89,24,0,438,0.003661569,absent
20.945,24,0,438.5,0.00367405,absent
21,24,0,440,0.003686568,absent
20.945,24,0,446,0.00367405,absent
20.945,24,0,447,0.00367405,absent
20.92666667,24,0,447,0.003669885,absent
20.89,24,0,445,0.003661569,absent
20.89,24,0,446.5,0.003661569,absent
20.945,24,0,446,0.00367405,absent
20.89,23.89,0,453,0.003644688,absent
21,23.89,0,451,0.003669572,absent
21,23.84,0,448.5,0.003661847,absent
21,23.82333333,0,444.6666667,0.003659272,absent
21,23.79,0,447,0.003654121,absent
21,23.79,0,447,0.003654121,absent
21,23.79,0,445,0.003654121,absent
21,23.79,0,446.5,0.003654121,absent
21,23.79,0,446.5,0.003654121,absent
21,23.7675,0,442.25,0.003650645,absent
21,23.79,0,443,0.003654121,absent
21,23.79,0,443,0.003654121,absent
20.96333333,23.79,0,442.3333333,0.003645846,absent
20.89,23.79,0,444.5,0.003629343,absent
20.89,23.73,0,443.3333333,0.003620137,absent
20.9175,23.7225,0,446.5,0.003625149,absent
20.89,23.7,0,449,0.003615533,absent
20.89,23.7,0,449.5,0.003615533,absent
20.89,23.6,0,448.5,0.00360019,absent
20.89,23.7,0,446,0.003615533,absent
20.89,23.6,0,446,0.00360019,absent
20.89,23.6,0,444,0.00360019,absent
20.89,23.6,0,443.3333333,0.00360019,absent
20.89,23.63333333,0,441.6666667,0.003605304,absent
20.89,23.6,0,449.5,0.00360019,absent
20.89,23.6,0,448.5,0.00360019,absent
20.89,23.6,0,450,0.00360019,absent
20.89,23.6,0,448.5,0.00360019,absent
20.945,23.6,0,446.5,0.00361246,absent
20.89,23.6,0,452.5,0.00360019,absent
20.89,23.6,0,451,0.00360019,absent
20.945,23.5,0,450.6666667,0.003597065,absent
20.89,23.5,0,449,0.003584847,absent
20.945,23.5,0,449,0.003597065,absent
20.945,23.5,0,448.5,0.003597065,absent
20.89,23.5,0,452,0.003584847,absent
20.89,23.5,0,444,0.003584847,absent
20.89,23.5,0,443.5,0.003584847,absent
20.89,23.5,0,446,0.003584847,absent
20.89,23.5,0,449,0.003584847,absent
20.92666667,23.5,0,448,0.003592988,absent
20.89,23.5,0,448,0.003584847,absent
20.89,23.5,0,449,0.003584847,absent
20.945,23.5,0,443,0.003597065,absent
20.89,23.5,0,444.25,0.003584847,absent
20.89,23.5,0,445.3333333,0.003584847,absent
20.89,23.5,0,444.5,0.003584847,absent
20.89,23.5,0,446.5,0.003584847,absent
20.89,23.445,0,446,0.003576408,absent
20.89,23.445,0,448.5,0.003576408,absent
20.89,23.39,0,450,0.00356797,absent
20.89,23.445,0,450.5,0.003576408,absent
20.89,23.5,0,448,0.003584847,absent
20.89,23.5,0,448.3333333,0.003584847,absent
20.89,23.445,0,446.5,0.003576408,absent
20.89,23.5,0,442.5,0.003584847,absent
20.89,23.5,0,440.5,0.003584847,absent
20.89,23.5,0,443,0.003584847,absent
20.89,23.5,0,453,0.003584847,absent
20.89,23.42666667,0,450,0.003573596,absent
20.89,23.445,0,451,0.003576408,absent
20.89,23.39,0,452.3333333,0.00356797,absent
20.89,23.445,0,448,0.003576408,absent
20.89,23.39,0,448,0.00356797,absent
20.84,23.395,0,446.5,0.003557712,absent
20.89,23.39,0,449,0.00356797,absent
20.84,23.34,0,446.5,0.0035493,absent
20.89,23.39,0,448,0.00356797,absent
20.89,23.39,0,450.5,0.00356797,absent
20.89,23.39,0,450.5,0.00356797,absent
20.84,23.34,0,448,0.0035493,absent
20.89,23.39,0,448,0.00356797,absent
20.89,23.34,0,451,0.003560299,absent
20.865,23.2925,0,450,0.00354752,absent
20.89,23.34,0,448.5,0.003560299,absent
20.85666667,23.26,0,449.5,0.003540716,absent
20.89,23.29,0,446,0.003552629,absent
20.89,23.29,0,443,0.003552629,absent
20.89,23.29,0,443,0.003552629,absent
20.89,23.29,0,448,0.003552629,absent
20.84,23.245,0,448.5,0.003534771,absent
20.89,23.29,0,448.5,0.003552629,absent
20.89,23.29,0,448,0.003552629,absent
20.89,23.29,0,450.5,0.003552629,absent
20.89,23.2,0,451,0.003538822,absent
20.89,23.2,0,453,0.003538822,absent
20.89,23.2,0,449,0.003538822,absent
20.89,23.2,0,448.5,0.003538822,absent
20.89,23.2,0,448.5,0.003538822,absent
20.89,23.15,0,448.5,0.003531152,absent
20.89,23.15,0,453.5,0.003531152,absent
20.84,23.075,0,451,0.003508774,absent
20.89,23.1,0,451.3333333,0.003523482,absent
20.89,23.1,0,452,0.003523482,absent
20.89,23.1,0,452.5,0.003523482,absent
20.85666667,23.06666667,0,450.5,0.00351112,absent
20.89,23.1,0,445.6666667,0.003523482,absent
20.89,23.1,0,449.5,0.003523482,absent
20.89,23.1,0,450,0.003523482,absent
20.89,23.1,0,454,0.003523482,absent
20.89,23.1,0,452,0.003523482,absent
20.89,23.1,0,453.75,0.003523482,absent
20.89,23.1,0,448.5,0.003523482,absent
20.89,23.1,0,447,0.003523482,absent
20.89,23.1,0,447.75,0.003523482,absent
20.89,23.1,0,452,0.003523482,absent
20.89,23,0,454,0.003508143,absent
20.84,23.05,0,455,0.003504952,absent
20.89,23.1,0,455,0.003523482,absent
20.85666667,23.06666667,0,449,0.00351112,absent
20.89,23,0,449,0.003508143,absent
20.89,23,0,452,0.003508143,absent
20.89,23,0,449,0.003508143,absent
20.79,22.89,0,450,0.003469731,absent
20.79,22.89,0,452,0.003469731,absent
20.84,22.945,0,449,0.003488896,absent
20.79,22.89,0,448.3333333,0.003469731,absent
20.79,22.84,0,448,0.003462109,absent
20.79,22.84,0,449.5,0.003462109,absent
20.79,22.89,0,454,0.003469731,absent
20.79,22.89,0,452,0.003469731,absent
20.79,22.89,0,454.5,0.003469731,absent
20.7,22.89,0,454.5,0.003450445,absent
20.745,22.84,0,454,0.003452476,absent
20.7,22.89,0,454.5,0.003450445,absent
20.745,22.84,0,454,0.003452476,absent
20.79,22.79,0,458,0.003454488,absent
20.7,22.79,0,455.5,0.003435287,absent
20.7,22.79,0,452,0.003435287,absent
20.76,22.79,0,458.3333333,0.003448077,absent
20.7,22.79,0,460,0.003435287,absent
20.7,22.79,0,455,0.003435287,absent
20.7,22.79,0,455,0.003435287,absent
20.73,22.79,0,449,0.003441677,absent
20.7,22.79,0,459,0.003435287,absent
20.7,22.7,0,457,0.003421646,absent
20.73,22.7,0,454,0.003428011,absent
20.7,22.7,0,452.5,0.003421646,absent
20.7,22.7675,0,456.75,0.003431877,absent
20.7,22.79,0,454.5,0.003435287,absent
20.7,22.7,0,453.5,0.003421646,absent
20.7,22.7,0,458,0.003421646,absent
20.7,22.7,0,451.5,0.003421646,absent
20.7,22.7,0,451,0.003421646,absent
20.7,22.7,0,455.6666667,0.003421646,absent
20.7,22.7,0,457.5,0.003421646,absent
20.7,22.7,0,452,0.003421646,absent
20.7,22.65,0,451,0.003414068,absent
20.7,22.63333333,0,454.6666667,0.003411542,absent
20.7,22.6,0,454.6666667,0.003406491,absent
20.7,22.6,0,454.5,0.003406491,absent
20.7,22.6,0,456,0.003406491,absent
20.7,22.5,0,455,0.003391335,absent
20.7,22.5,0,451.5,0.003391335,absent
20.7,22.5,0,455,0.003391335,absent
20.7,22.5,0,454.5,0.003391335,absent
20.7,22.5,0,451.6666667,0.003391335,absent
20.7,22.5,0,453.5,0.003391335,absent
20.7,22.5,0,456.5,0.003391335,absent
20.7,22.5,0,457,0.003391335,absent
20.7,22.5,0,454,0.003391335,absent
20.7,22.5,0,453.5,0.003391335,absent
20.7,22.5,0,457,0.003391335,absent
20.7,22.445,0,459,0.003383,absent
20.7,22.5,0,459,0.003391335,absent
20.7,22.39,0,454.75,0.003374666,absent
20.7,22.39,0,457,0.003374666,absent
20.7,22.39,0,458,0.003374666,absent
20.7,22.39,0,449,0.003374666,absent
20.7,22.39,0,451,0.003374666,absent
20.7,22.39,0,457.5,0.003374666,absent
20.7,22.39,356,457,0.003374666,present
20.7,22.4175,426,460.25,0.003378833,absent
20.7,22.5,423.6666667,465.3333333,0.003391335,absent
20.7,22.46333333,423.6666667,472.6666667,0.003385779,absent
20.7225,22.5,419,470.75,0.003396065,present
20.73,22.5,419,472,0.003397643,present
20.7225,22.525,419,470.5,0.003399859,present
20.7675,22.65,411,478,0.003428371,present
20.79,22.79,411,492,0.003454488,present
20.815,22.8675,411,497.75,0.00347167,present
20.82333333,23.03333333,408.3333333,499,0.003498792,present
20.815,23.025,400,507,0.003495715,present
20.89,23.175,396,514.75,0.003534987,present
20.89,23.29,396,515,0.003552629,present
20.89,23.29,396,520.75,0.003552629,present
20.89,23.29,396,526,0.003552629,present
20.89,23.32333333,398.3333333,527,0.003557743,present
20.945,23.39,399.5,531.25,0.00358013,present
20.96333333,23.46333333,413,536,0.003595494,present
21,23.5,411,542.75,0.003609319,present
21,23.5,411,541,0.003609319,present
21,23.56666667,411,548.5,0.003619618,present
21,23.6,412.2,553.25,0.003624768,present
21,23.6,405,559.25,0.003624768,present
21,23.6,405,567.3333333,0.003624768,present
21,23.7,405,569,0.003640217,present
21,23.7,405,576,0.003640217,present
21.025,23.7225,405,578.75,0.003649329,present
21.025,23.7225,412,585.75,0.003649329,present
21.05,23.745,419,590,0.003658459,present
21.025,23.7225,419,590,0.003649329,present
21.1,23.76,419,587.6666667,0.003672112,present
21.075,23.72,419,594,0.003660236,present
21.03333333,23.66666667,419,602.3333333,0.003642565,present
21.075,23.7675,419,611,0.003667608,present
21.1,23.79,419,611.3333333,0.003676776,present
21.1,23.79,419,613,0.003676776,present
21.1,23.73,419,615,0.003667449,present
21.15,23.7225,419,615.75,0.003677624,present
21.2,23.745,419,620.5,0.003692515,present
21.2,23.79,419,630.6666667,0.003699555,present
21.2,23.79,419,640.5,0.003699555,present
21.26,23.85666667,423.6666667,641,0.00372375,present
21.29,23.865,422.5,650.75,0.00373196,present
21.29,23.89,422.5,650.5,0.003735893,absent
21.29,23.89,419,651,0.003735893,present
21.32333333,23.92666667,428.3333333,654.6666667,0.003749364,present
21.29,24,424.6,664.25,0.003753199,present
21.34,24,426,675.4,0.003764793,present
21.29,24.05,429.5,675,0.003761065,present
21.29,24.1,419,679,0.003768932,present
21.315,24.175,426,685.5,0.003786568,present
21.29,24.2,419,689.3333333,0.003784666,present
21.29,24.2,433,692.75,0.003784666,present
21.34,24.15,433,695.5,0.003788467,present
21.32333333,24.1,433,693.3333333,0.003776691,present
21.29,24.1,433,694.25,0.003768932,present
21.34,24.2225,433,703,0.003799909,present
21.29,24.29,433,704.5,0.003798827,present
21.34,24.29,433,709,0.003810563,present
21.34,24.29,433,721.5,0.003810563,present
21.32333333,24.29,426.6666667,727,0.003806647,present
